{"cameraMode":{"drawMode":0,"name":"Shaded","section":"Shading Mode"},"sceneLighting":true,"audioPlay":false,"sceneViewState":{"m_AlwaysRefresh":false,"showFog":true,"showSkybox":true,"showFlares":true,"showImageEffects":true,"showParticleSystems":true,"showVisualEffectGraphs":true,"m_FxEnabled":true},"in2DMode":false,"pivot":{"x":2.4463160037994386,"y":-9.779998779296875,"z":32.99949264526367},"rotation":{"x":-0.2130202203989029,"y":-0.03604619950056076,"z":0.007868008688092232,"w":-0.9763652682304382},"size":31.247764587402345,"orthographic":false}