{"cameraMode":{"drawMode":0,"name":"Shaded","section":"Shading Mode"},"sceneLighting":true,"audioPlay":false,"sceneViewState":{"m_AlwaysRefresh":false,"showFog":true,"showSkybox":true,"showFlares":true,"showImageEffects":true,"showParticleSystems":true,"showVisualEffectGraphs":true,"m_FxEnabled":true},"in2DMode":false,"pivot":{"x":-10.322038650512696,"y":1.6276482343673707,"z":-0.0007777214050292969},"rotation":{"x":-0.02130180038511753,"y":-0.024894261732697488,"z":0.0005312501452863216,"w":-0.9994696378707886},"size":1.135134220123291,"orthographic":false}